LA SAULCE
La	SISTERON NORD
Saulce	SISTERON SUD
24	AUBIGNOSC
Sisteron0	nord	PEYRUIS
23	LA BRILLANNE
Sisteron0	sud	MANOSQUE
22	SAINT PAUL LEZ DURANCE
Aubignosc	PERTUIS
21	AIX (A51)
Peyruis	0	CARNOULES
20	PUGET-VILLE
La	TOULON-OUEST
Brillanne	SIX FOURS LES PLAGES
19	OLLIOULES
Manosque	BANDOL
18	SAINT CYR LES LEQUES/LA CADIERE
St0	Paul0	lez0	Durance	LA CIOTAT
17	CASSIS
Pertuis	LA BEDOULE
15	AUBAGNE
Carnoules	GEMENOS
11	AURIOL
Toulon0	ouest	PAS DE TRETS
15	BELCODENE
Six0	Fours0	Les	Plages	AIX (A57,A50,A52,A8)
13	CANNET DE MEYEREUIL
BandolOllioules	POURRIERES
12	SAINT MAXIMIN
12.1	BRIGNOLES
St0	Cyr0	Les	Lecques	LE CANNET DES MAURES
10	La	LE MUY
Cadière	PUGET
11	FREJUS
La	LES ADRETS
Ciotat	MANDELIEU/MOUGINS
9	ANTIBES
Cassis	VILLENEUVE LOUBET
8	CAGNES SUR MER
La	SAINT LAURENT DU VAR
Bédoule	NICE OUEST/NICE AEROPORT
7	NICE SAINT ISIDORE
Aubagne	NICE QUARTIER NORD/NICE EST
35	MONACO
Gémenos	LA TURBIE
34	MENTON